,Train_Time_s,R2,RMSE,MAE,MAPE_%
Ridge,5.05288028717041,0.9522517369672446,15.773192749866455,13.051323283265278,13.450324960633989
DecisionTree,7.393019437789917,0.9997868782766915,1.0537914759527038,0.26293734843393374,0.45214272434142927
RandomForest,606.7295844554901,0.9998843911832711,0.7761332687164672,0.05911989587097205,0.058176430690619764
GradientBoosting,705.579265832901,0.999944730796695,0.5366392374912278,0.18074795455475992,0.26428201241010285
SVR,19015.59704351425,0.9903906061172653,7.076016211978952,3.990198384729208,4.546768750228769
KNeighbors,68.54717063903809,0.9871309015279905,8.188698548558309,5.990073816182487,7.035588514514464
