SEASONS,NO,PM2.5,PM10,SO2,NO2,CO,O3,TEMP,PRES,DEWP,RAIN,WSPM,AQI,Vehicular_Pollution,Industrial_Pollution
Autumn,18732.145864087553,81.43493930805634,103.2509571459828,9.855515834330035,53.60990996932259,1225.4312651052494,34.75728309460958,13.165674455715857,1013.8726265316511,5.513769952368833,0.018126749809111734,1.3325146347671164,142.10939170272334,365.93176788215277,22.30639946446981
Spring,14383.182057913687,76.8348941658771,118.43077516959288,17.92882757086295,49.37285608959043,988.7138049620138,67.96162181303008,14.769462918287628,1008.6511577161559,-0.01784826816775699,0.008884831888026776,1.942796287844211,142.62264820731275,308.3380825967685,42.94522469194651
Summer,16747.839775561097,65.02812780991401,83.12664367857305,5.485928529626511,36.86176890451658,911.1690118432028,85.09082252869256,25.549772308359536,1000.23525696628,18.144730564892118,0.02096118399653041,1.3996747262279086,129.6069337525751,274.04638805905165,45.28837552915953
Winter,20757.90960648148,82.79833228845165,98.33316454475309,26.39463684220679,55.98395216107064,1586.3453595299209,28.910715255787036,-0.05383482463564057,1020.8904167527833,-12.809885464891975,0.0037297453703703707,1.7273350694444443,139.80642361111111,455.86520213104905,27.652676048996913
